{
  "config": {
    "run_name": "exp1_2",
    "out_dir": "./results",
    "seed": 42,
    "device": null,
    "bs_train": 64,
    "bs_test": 32,
    "batches": null,
    "epochs": 25,
    "early_stopping": 12,
    "checkpoints": null,
    "lr": 0.01,
    "reg": 0.01,
    "filters_per_layer": [
      64
    ],
    "layers_per_block": 2,
    "pool_every": 6,
    "hidden_dims": [
      1024,
      1024
    ],
    "model_type": "cnn",
    "kw": {}
  },
  "results": {
    "num_epochs": 0,
    "train_loss": [
      1.9715677780263565,
      1.6542919685163766,
      1.5286282403084932,
      1.445035460964798,
      1.3801550584680893,
      1.3221725380176779,
      1.273863343250416,
      1.2348125528191667,
      1.1958328616588623,
      1.1578957552037885,
      1.121398066163368,
      1.0825294456670962,
      1.0435393417582792,
      1.0078851949528356,
      0.9702908868527473,
      0.9330240661073523,
      0.9016627083196664,
      0.865012537945262,
      0.830440802190005,
      0.7932395893899377,
      0.7602270322535044,
      0.7189748938507436,
      0.6843777560745664,
      0.6491135366813606,
      0.6059906334828233
    ],
    "train_acc": [
      28.92799949645996,
      40.865997314453125,
      45.29999923706055,
      48.28999710083008,
      50.47999954223633,
      52.736000061035156,
      54.52000045776367,
      56.189998626708984,
      57.58199691772461,
      58.961997985839844,
      60.1879997253418,
      61.753997802734375,
      62.986000061035156,
      64.51200103759766,
      65.9939956665039,
      67.10199737548828,
      68.41400146484375,
      69.8759994506836,
      70.77999877929688,
      72.36599731445312,
      73.64599609375,
      75.15599822998047,
      76.3699951171875,
      77.697998046875,
      79.46199798583984
    ],
    "test_loss": [
      1.7614783014352329,
      1.6820155073659488,
      1.4992532931958524,
      1.786324871233858,
      1.3786485808345075,
      1.3121626146685201,
      1.3156505844082695,
      1.3792265417476812,
      1.3050126568577922,
      1.2022626655170332,
      1.3511766633286644,
      1.1608818217207448,
      1.2345889530623684,
      1.1795739634349323,
      1.1577133414463494,
      1.1903933560886322,
      1.1598341332647366,
      1.0881760665022147,
      1.2577344641898767,
      1.1152346857820457,
      1.1970588300174798,
      1.1201061711143763,
      1.1933866943033358,
      1.285758711278629,
      1.0496414819845377
    ],
    "test_acc": [
      37.02000045776367,
      38.62999725341797,
      45.59000015258789,
      38.30999755859375,
      51.959999084472656,
      53.14999771118164,
      51.94999694824219,
      50.23999786376953,
      52.939998626708984,
      57.07999801635742,
      53.16999816894531,
      58.769996643066406,
      55.93000030517578,
      57.41999816894531,
      58.80999755859375,
      56.279998779296875,
      58.32999801635742,
      61.209999084472656,
      56.849998474121094,
      60.07999801635742,
      58.619998931884766,
      60.43000030517578,
      58.54999923706055,
      56.68000030517578,
      63.84000015258789
    ]
  }
}