{
  "config": {
    "run_name": "exp1_4",
    "out_dir": "./results",
    "seed": 42,
    "device": null,
    "bs_train": 50,
    "bs_test": 12,
    "batches": 10,
    "epochs": 25,
    "early_stopping": 12,
    "checkpoints": null,
    "lr": 0.01,
    "reg": 0.01,
    "filters_per_layer": [
      32
    ],
    "layers_per_block": 8,
    "pool_every": 6,
    "hidden_dims": [
      1024,
      1024
    ],
    "model_type": "resnet",
    "kw": {}
  },
  "results": {
    "num_epochs": 0,
    "train_loss": [
      2.079082655906677,
      1.8072539477348328,
      1.6596867215633393,
      1.5550541825294495,
      1.4886123201847077,
      1.4427383570075034,
      1.4113820544481277,
      1.382791693985462,
      1.36079731631279,
      1.336786505162716,
      1.3163411209583282,
      1.2952431645989417,
      1.2770785240530969,
      1.2562958837747573,
      1.240808380305767,
      1.22468909740448,
      1.2063256112337113,
      1.191538320839405,
      1.1764584479928017,
      1.1642769716382027,
      1.1467290112376214,
      1.1333598606586457,
      1.116871773660183,
      1.099729358971119,
      1.0837553471326828
    ],
    "train_acc": [
      24.321998596191406,
      35.3120002746582,
      40.77000045776367,
      44.163997650146484,
      46.615997314453125,
      48.194000244140625,
      49.599998474121094,
      50.573997497558594,
      51.51199722290039,
      52.347999572753906,
      53.20399856567383,
      54.19599914550781,
      54.657997131347656,
      55.48999786376953,
      56.0620002746582,
      56.667999267578125,
      57.40399932861328,
      58.04999923706055,
      58.57999801635742,
      58.83799743652344,
      59.4119987487793,
      59.97200012207031,
      60.731998443603516,
      61.32999801635742,
      61.7599983215332
    ],
    "test_loss": [
      1.88973448588122,
      1.6966335696282147,
      1.5640282673086765,
      1.4746337326453458,
      1.499212761076806,
      1.4230141572529178,
      1.39251690502647,
      1.3676427186107178,
      1.3559363004829672,
      1.3537358968235034,
      1.3182665408372307,
      1.3280776161655818,
      1.3202983062330196,
      1.2512921701303774,
      1.2731179903022392,
      1.310186636962479,
      1.2212393070510823,
      1.2354249139841227,
      1.2113070309305076,
      1.2152078888899416,
      1.1919681481677564,
      1.2224473574464556,
      1.1954240748922316,
      1.1857319841567846,
      1.306187822414245
    ],
    "test_acc": [
      33.130001068115234,
      39.22999954223633,
      43.93000030517578,
      47.119998931884766,
      45.82999801635742,
      49.25,
      50.15999984741211,
      51.56999969482422,
      51.529998779296875,
      51.18000030517578,
      52.869998931884766,
      52.959999084472656,
      52.65999984741211,
      56.0,
      54.03999710083008,
      53.16999816894531,
      57.0099983215332,
      55.91999816894531,
      57.37999725341797,
      56.779998779296875,
      58.48999786376953,
      56.97999954223633,
      58.209999084472656,
      58.25,
      54.34000015258789
    ]
  }
}