{
  "config": {
    "run_name": "exp1_1",
    "out_dir": "./results",
    "seed": 42,
    "device": null,
    "bs_train": 64,
    "bs_test": 32,
    "batches": null,
    "epochs": 25,
    "early_stopping": null,
    "checkpoints": null,
    "lr": 0.01,
    "reg": 0.01,
    "filters_per_layer": [
      64
    ],
    "layers_per_block": 4,
    "pool_every": 6,
    "hidden_dims": [
      1024,
      1024
    ],
    "model_type": "cnn",
    "kw": {}
  },
  "results": {
    "num_epochs": 0,
    "train_loss": [
      2.1969510091235267,
      1.7489377903511456,
      1.5924828583017334,
      1.5033635108367256,
      1.4502925953596755,
      1.4092544215109648,
      1.3731666191307175,
      1.3384220655769339,
      1.3066572701687094,
      1.2769371852697924,
      1.2454530462584532,
      1.2193125774488425,
      1.1847980020906004,
      1.1566711853989555,
      1.1175059231041033,
      1.082991660251032,
      1.0443897626131697,
      1.003828782102336,
      0.9588883981832763,
      0.9077274784864977,
      0.8459967588600905,
      0.7783810451741109,
      0.7084665644123121,
      0.6330502493607114,
      0.5589502913034176
    ],
    "train_acc": [
      18.369998931884766,
      37.604000091552734,
      43.0,
      46.025997161865234,
      48.025997161865234,
      49.54399871826172,
      50.86199951171875,
      52.12799835205078,
      53.354000091552734,
      54.477996826171875,
      55.775997161865234,
      56.534000396728516,
      57.86399841308594,
      59.09599685668945,
      60.15399932861328,
      61.57600021362305,
      62.89799880981445,
      64.62200164794922,
      66.10800170898438,
      67.87999725341797,
      70.10599517822266,
      72.47999572753906,
      75.00399780273438,
      77.70800018310547,
      80.15599822998047
    ],
    "test_loss": [
      1.96141751124836,
      1.6758775676782138,
      1.8878986881182978,
      1.5527186054772082,
      1.5967358345040878,
      1.5028639142505658,
      1.7618270219324497,
      1.4307579739025225,
      1.3498721829237648,
      1.5278551401421665,
      1.318906480131058,
      1.3182403249100756,
      1.2869057499181729,
      1.5323536005644753,
      1.3058688000749095,
      1.4382519396349265,
      1.3146524796851526,
      1.4047816940389883,
      1.4623791544962996,
      1.453543201422158,
      1.47887922437808,
      1.6202978487974538,
      1.3650845336837891,
      1.4347363975101386,
      1.683702689390213
    ],
    "test_acc": [
      28.869998931884766,
      39.21999740600586,
      36.5,
      44.80999755859375,
      43.03999710083008,
      47.14999771118164,
      41.5099983215332,
      48.46999740600586,
      51.55999755859375,
      46.64999771118164,
      52.32999801635742,
      52.97999954223633,
      53.599998474121094,
      47.849998474121094,
      54.19999694824219,
      51.04999923706055,
      54.03999710083008,
      52.16999816894531,
      50.56999969482422,
      51.48999786376953,
      50.82999801635742,
      48.71999740600586,
      54.96999740600586,
      54.41999816894531,
      52.119998931884766
    ]
  }
}