{
  "config": {
    "run_name": "exp1_3",
    "out_dir": "./results",
    "seed": 42,
    "device": null,
    "bs_train": 64,
    "bs_test": 32,
    "batches": null,
    "epochs": 25,
    "early_stopping": 12,
    "checkpoints": null,
    "lr": 0.01,
    "reg": 0.01,
    "filters_per_layer": [
      64,
      128,
      256
    ],
    "layers_per_block": 2,
    "pool_every": 6,
    "hidden_dims": [
      1024,
      1024
    ],
    "model_type": "cnn",
    "kw": {}
  },
  "results": {
    "num_epochs": 0,
    "train_loss": [
      2.302730301761871,
      2.30268901327382,
      2.302657877087898,
      2.302695583199601,
      2.302694574341445,
      2.3026808613096663,
      2.3026732599643793,
      2.3026938353048263,
      2.3026758075675087,
      2.3026725687944065,
      2.302689908715465,
      2.3026895443801685,
      2.302680281422022
    ],
    "train_acc": [
      9.857999801635742,
      9.573999404907227,
      9.795999526977539,
      9.925999641418457,
      9.92199993133545,
      9.835999488830566,
      9.929999351501465,
      9.711999893188477,
      9.892000198364258,
      9.935999870300293,
      9.633999824523926,
      9.64799976348877,
      9.77400016784668
    ],
    "test_loss": [
      2.3025757862737004,
      2.3025765936976423,
      2.3026004233680215,
      2.3026009413380972,
      2.3025902688693693,
      2.302596128024994,
      2.302604740039228,
      2.30259165139244,
      2.3025957052700057,
      2.3025971677737496,
      2.302591489907652,
      2.3025896914850787,
      2.3025907243783483
    ],
    "test_acc": [
      10.0,
      10.0,
      10.0,
      10.0,
      10.0,
      10.0,
      10.0,
      10.0,
      10.0,
      10.0,
      10.0,
      10.0,
      10.0
    ]
  }
}