{
  "config": {
    "run_name": "exp1_3",
    "out_dir": "./results",
    "seed": 42,
    "device": null,
    "bs_train": 64,
    "bs_test": 32,
    "batches": null,
    "epochs": 25,
    "early_stopping": 12,
    "checkpoints": null,
    "lr": 0.01,
    "reg": 0.01,
    "filters_per_layer": [
      64,
      128,
      256
    ],
    "layers_per_block": 4,
    "pool_every": 6,
    "hidden_dims": [
      1024,
      1024
    ],
    "model_type": "cnn",
    "kw": {}
  },
  "results": {
    "num_epochs": 0,
    "train_loss": [
      2.302774236025408,
      2.302701356160976,
      2.302693925550222,
      2.3026806768553945,
      2.3026952027055003,
      2.3026824119450797,
      2.3026847537521205,
      2.3026743956539026,
      2.302677575889451,
      2.3026925843694936,
      2.302686141884845,
      2.302668911111934,
      2.3026880763680735
    ],
    "train_acc": [
      9.946000099182129,
      9.769999504089355,
      9.814000129699707,
      9.814000129699707,
      9.745999336242676,
      9.855999946594238,
      9.883999824523926,
      9.807999610900879,
      9.767999649047852,
      9.618000030517578,
      9.815999984741211,
      10.053999900817871,
      9.854000091552734
    ],
    "test_loss": [
      2.3026006945405904,
      2.302597575294324,
      2.3025965713464416,
      2.3026026727292486,
      2.3025931885448125,
      2.30259925717363,
      2.3025981420145247,
      2.3025951918702536,
      2.3025974039071664,
      2.3025872699749734,
      2.3025941909692538,
      2.302598080315148,
      2.302589684629593
    ],
    "test_acc": [
      10.0,
      10.0,
      10.0,
      10.0,
      10.0,
      10.0,
      10.0,
      10.0,
      10.0,
      10.0,
      10.0,
      10.0,
      10.0
    ]
  }
}