{
  "config": {
    "run_name": "exp1_4",
    "out_dir": "./results",
    "seed": 42,
    "device": null,
    "bs_train": 50,
    "bs_test": 12,
    "batches": 10,
    "epochs": 25,
    "early_stopping": 12,
    "checkpoints": null,
    "lr": 0.01,
    "reg": 0.01,
    "filters_per_layer": [
      32
    ],
    "layers_per_block": 32,
    "pool_every": 6,
    "hidden_dims": [
      1024,
      1024
    ],
    "model_type": "resnet",
    "kw": {}
  },
  "results": {
    "num_epochs": 0,
    "train_loss": [
      2.2979212753772735,
      2.287557425022125,
      2.2604514565467833,
      2.1928334929943083,
      2.1246264972686766,
      2.0789317722320555,
      2.05786131298542,
      2.0400740588903425,
      2.0246773126125337,
      2.0171098897457123,
      2.0093363417387007,
      2.009030597090721,
      2.0082916029691695,
      2.000617557644844,
      2.001140009045601,
      1.9993209269046783,
      1.9980183136463165,
      1.9959176683425903,
      1.9964760200977325,
      1.9913976809978484,
      1.987081533908844,
      1.9869951157569885,
      1.9826058465242387,
      1.9731554127931594,
      1.9713220427036284
    ],
    "train_acc": [
      11.957999229431152,
      15.887999534606934,
      17.105998992919922,
      17.625999450683594,
      18.423999786376953,
      19.369998931884766,
      20.083999633789062,
      20.673999786376953,
      20.826000213623047,
      21.191999435424805,
      21.062000274658203,
      21.420000076293945,
      21.24199867248535,
      21.54399871826172,
      21.505998611450195,
      21.411998748779297,
      21.812000274658203,
      21.601999282836914,
      21.70599937438965,
      21.917999267578125,
      21.94999885559082,
      21.947999954223633,
      22.40999984741211,
      22.70599937438965,
      23.081998825073242
    ],
    "test_loss": [
      2.2929742130444204,
      2.278860558994668,
      2.2286009228200934,
      2.1634517600782197,
      2.08719572317686,
      2.110740344444339,
      2.0211472183966235,
      2.000908971261635,
      2.004085801631141,
      1.9783184329668682,
      2.0079856274796906,
      2.034053146696205,
      2.009241812091937,
      1.990488912990625,
      1.9650304368931613,
      1.9651715006473824,
      2.052775363699138,
      1.9642913221455307,
      1.9948780646712945,
      1.9869427578054744,
      1.9657608303520606,
      1.988274962210255,
      1.9534674391186209,
      1.944350985028475,
      1.9346788647077637
    ],
    "test_acc": [
      13.109999656677246,
      17.959999084472656,
      18.059999465942383,
      17.309999465942383,
      19.969999313354492,
      19.600000381469727,
      21.350000381469727,
      21.649999618530273,
      22.049999237060547,
      21.709999084472656,
      21.229999542236328,
      20.350000381469727,
      20.959999084472656,
      21.779998779296875,
      23.3799991607666,
      22.969999313354492,
      18.889999389648438,
      23.309999465942383,
      21.26999855041504,
      22.279998779296875,
      22.959999084472656,
      21.51999855041504,
      24.260000228881836,
      24.31999969482422,
      24.739999771118164
    ]
  }
}