{
  "config": {
    "run_name": "exp1_3",
    "out_dir": "./results",
    "seed": 42,
    "device": null,
    "bs_train": 64,
    "bs_test": 32,
    "batches": null,
    "epochs": 25,
    "early_stopping": 12,
    "checkpoints": null,
    "lr": 0.01,
    "reg": 0.01,
    "filters_per_layer": [
      64,
      128,
      256
    ],
    "layers_per_block": 1,
    "pool_every": 6,
    "hidden_dims": [
      1024,
      1024
    ],
    "model_type": "cnn",
    "kw": {}
  },
  "results": {
    "num_epochs": 0,
    "train_loss": [
      1.9785081731998706,
      1.657022314760691,
      1.51153674637875,
      1.4220447166801413,
      1.355683880084006,
      1.305476401163184,
      1.259834379719956,
      1.215628401397744,
      1.1719239963137584,
      1.132172113184429,
      1.0919088380568474,
      1.0544579014601305,
      1.0151460102147154,
      0.9764920572947968,
      0.9321977358949763,
      0.8969923962869912,
      0.8550378799895801,
      0.8081661875138197,
      0.7658051062194283,
      0.7174996445550943,
      0.6625812742716212,
      0.6085723571841369,
      0.5505136736213704,
      0.4950785792011129,
      0.4403282995800228
    ],
    "train_acc": [
      28.483999252319336,
      40.75199890136719,
      45.823997497558594,
      49.119998931884766,
      51.43000030517578,
      53.305999755859375,
      55.02399826049805,
      56.72200012207031,
      58.301998138427734,
      59.697998046875,
      61.1719970703125,
      62.625999450683594,
      64.10199737548828,
      65.58200073242188,
      66.98999786376953,
      68.28399658203125,
      70.0,
      71.58999633789062,
      72.94599914550781,
      75.03399658203125,
      76.9959945678711,
      78.94999694824219,
      81.10199737548828,
      83.07599639892578,
      84.80999755859375
    ],
    "test_loss": [
      1.776359126209832,
      1.8012316268853867,
      1.4558081089878996,
      1.4546671090796353,
      1.4101109601819097,
      1.7692930618414102,
      1.3216467935818073,
      1.4902644166931176,
      1.2997046526247702,
      1.2531524852822764,
      1.2667113574929894,
      1.337715889699162,
      1.2381040501518372,
      1.4608362098090566,
      1.2648562274801844,
      1.6396984795031075,
      1.1537817674703872,
      1.1601921432315352,
      1.2321114549621606,
      1.2268418237424126,
      1.220967077789977,
      1.1470571151747109,
      1.2004352555678675,
      1.4319781937157383,
      1.2053583836593567
    ],
    "test_acc": [
      36.12999725341797,
      39.12999725341797,
      47.84000015258789,
      47.189998626708984,
      50.07999801635742,
      41.90999984741211,
      52.69999694824219,
      48.75,
      53.64999771118164,
      54.78999710083008,
      55.19999694824219,
      52.48999786376953,
      56.13999938964844,
      50.029998779296875,
      56.21999740600586,
      45.5099983215332,
      59.47999954223633,
      60.279998779296875,
      57.78999710083008,
      58.72999954223633,
      59.68000030517578,
      61.88999938964844,
      61.849998474121094,
      57.84000015258789,
      61.689998626708984
    ]
  }
}