{
  "config": {
    "run_name": "exp1_2",
    "out_dir": "./results",
    "seed": 42,
    "device": null,
    "bs_train": 64,
    "bs_test": 32,
    "batches": null,
    "epochs": 25,
    "early_stopping": 12,
    "checkpoints": null,
    "lr": 0.01,
    "reg": 0.01,
    "filters_per_layer": [
      32
    ],
    "layers_per_block": 2,
    "pool_every": 6,
    "hidden_dims": [
      1024,
      1024
    ],
    "model_type": "cnn",
    "kw": {}
  },
  "results": {
    "num_epochs": 0,
    "train_loss": [
      2.0332177996330554,
      1.712313713320076,
      1.57331339172695,
      1.483825268190535,
      1.4164571842878981,
      1.3643963650974167,
      1.3187343408079708,
      1.2756415509506869,
      1.2390627432662202,
      1.20408492022768,
      1.1692296301617342,
      1.1369183486532373,
      1.1029747401357002,
      1.071085469649576,
      1.0348708924582548,
      1.0041756321249715,
      0.9688064414826806,
      0.9367080389538689,
      0.9022948180165742,
      0.8681460768365494,
      0.8365452919164886,
      0.8023524743974056,
      0.76603562550624,
      0.7294380890820032,
      0.6912387485241951
    ],
    "train_acc": [
      25.51599884033203,
      38.944000244140625,
      43.62999725341797,
      46.874000549316406,
      49.417999267578125,
      51.215999603271484,
      52.72999954223633,
      54.461997985839844,
      55.8859977722168,
      57.07600021362305,
      58.529998779296875,
      59.51199722290039,
      61.0620002746582,
      62.21799850463867,
      63.391998291015625,
      64.64399719238281,
      65.97000122070312,
      66.9280014038086,
      68.50399780273438,
      69.697998046875,
      70.72599792480469,
      72.07599639892578,
      73.52399444580078,
      74.57599639892578,
      76.15799713134766
    ],
    "test_loss": [
      1.7974944689784187,
      1.6679239440649842,
      1.5454518094230383,
      1.758420949545912,
      1.7015215687858412,
      1.3524852257947952,
      1.3189444416247236,
      1.4779121262577777,
      1.2663174896194531,
      1.3031746480411615,
      1.375199570442541,
      1.2433205867727724,
      1.2987503719786866,
      1.215671529975562,
      1.182697796402648,
      1.212782177490929,
      1.4135324806451035,
      1.2893741816377486,
      1.2440335720111007,
      1.1872946183902386,
      1.2105281463446327,
      1.2271801718888573,
      1.236251775068216,
      1.149460634865319,
      1.1455192385009303
    ],
    "test_acc": [
      35.349998474121094,
      39.029998779296875,
      43.939998626708984,
      39.279998779296875,
      41.02000045776367,
      50.96999740600586,
      53.369998931884766,
      47.189998626708984,
      54.30999755859375,
      53.25,
      51.04999923706055,
      55.78999710083008,
      54.06999969482422,
      56.21999740600586,
      57.96999740600586,
      56.06999969482422,
      51.03999710083008,
      55.779998779296875,
      56.34000015258789,
      59.04999923706055,
      57.39999771118164,
      57.32999801635742,
      56.88999938964844,
      59.91999816894531,
      60.40999984741211
    ]
  }
}