{
  "config": {
    "run_name": "exp1_4",
    "out_dir": "./results",
    "seed": 42,
    "device": null,
    "bs_train": 50,
    "bs_test": 12,
    "batches": 10,
    "epochs": 10,
    "early_stopping": 5,
    "checkpoints": null,
    "lr": 0.01,
    "reg": 0.001,
    "filters_per_layer": [
      64,
      128,
      256
    ],
    "layers_per_block": 2,
    "pool_every": 6,
    "hidden_dims": [
      1024,
      1024
    ],
    "model_type": "resnet",
    "kw": {}
  },
  "results": {
    "num_epochs": 0,
    "train_loss": [
      1.9622942904233933,
      1.747459117770195,
      1.6507112786769866,
      1.5799739985466004,
      1.5025960323810577,
      1.4458320314884185,
      1.4015350991487503,
      1.3653312141895295,
      1.3324288076162338,
      1.303137753725052
    ],
    "train_acc": [
      29.15799903869629,
      37.63399887084961,
      40.715999603271484,
      43.395999908447266,
      45.51599884033203,
      47.81599807739258,
      49.551998138427734,
      50.624000549316406,
      52.145999908447266,
      53.237998962402344
    ],
    "test_loss": [
      1.8048615105432286,
      1.6718269698768498,
      1.6113087254748355,
      1.5148579035159782,
      1.4436579142971862,
      1.3963946521425132,
      1.3648089634285843,
      1.3675761777434132,
      1.3102344463912132,
      1.2765683508176597
    ],
    "test_acc": [
      36.18000030517578,
      39.39999771118164,
      42.27000045776367,
      45.029998779296875,
      47.43000030517578,
      49.41999816894531,
      50.43000030517578,
      51.05999755859375,
      52.3599967956543,
      53.689998626708984
    ]
  }
}