{
  "config": {
    "run_name": "exp1_1",
    "out_dir": "./results",
    "seed": 42,
    "device": null,
    "bs_train": 64,
    "bs_test": 32,
    "batches": null,
    "epochs": 25,
    "early_stopping": null,
    "checkpoints": null,
    "lr": 0.01,
    "reg": 0.01,
    "filters_per_layer": [
      64
    ],
    "layers_per_block": 16,
    "pool_every": 6,
    "hidden_dims": [
      1024,
      1024
    ],
    "model_type": "cnn",
    "kw": {}
  },
  "results": {
    "num_epochs": 0,
    "train_loss": [
      2.3027369436400624,
      2.3026749371262767,
      2.3027077148027737,
      2.3027016113481253,
      2.302692445647686,
      2.302696141440545,
      2.3026889702853035,
      2.3026842607561586,
      2.3026778191861594,
      2.3026885583882444,
      2.3026811424118785,
      2.3026837677601963,
      2.3026641140813413,
      2.3026836284286225,
      2.30267345021143,
      2.302685525716113,
      2.30268126771883,
      2.3026822357226515,
      2.3026798448294326,
      2.3026865086592068,
      2.302695536857371,
      2.3026748304171942,
      2.3026760289126345,
      2.302672032200162,
      2.3026827930489464
    ],
    "train_acc": [
      9.765999794006348,
      10.039999961853027,
      9.613999366760254,
      9.72599983215332,
      9.7839994430542,
      9.785999298095703,
      9.609999656677246,
      9.903999328613281,
      9.734000205993652,
      9.753999710083008,
      9.739999771118164,
      9.880000114440918,
      9.918000221252441,
      9.949999809265137,
      9.84999942779541,
      9.814000129699707,
      9.911999702453613,
      9.83799934387207,
      9.800000190734863,
      9.717999458312988,
      9.526000022888184,
      9.913999557495117,
      10.047999382019043,
      9.863999366760254,
      9.803999900817871
    ],
    "test_loss": [
      2.3026080367664177,
      2.302608381825895,
      2.3025941665941914,
      2.3025945177474343,
      2.3025902559201175,
      2.3025873827096373,
      2.3025912591062796,
      2.3025918913344605,
      2.3025913619385743,
      2.3025888261703638,
      2.302594417200302,
      2.302589199413507,
      2.302600865927748,
      2.3025911501802194,
      2.3026005292471985,
      2.3025881642350754,
      2.3025932624317207,
      2.302591804498301,
      2.3025917191855823,
      2.3025905811748566,
      2.3025860900696093,
      2.302593100946932,
      2.3025953670660146,
      2.302598439085598,
      2.3025957563052923
    ],
    "test_acc": [
      10.0,
      10.0,
      10.0,
      10.0,
      10.0,
      10.0,
      10.0,
      10.0,
      10.0,
      10.0,
      10.0,
      10.0,
      10.0,
      10.0,
      10.0,
      10.0,
      10.0,
      10.0,
      10.0,
      10.0,
      10.0,
      10.0,
      10.0,
      10.0,
      10.0
    ]
  }
}