{
  "config": {
    "run_name": "exp1_2",
    "out_dir": "./results",
    "seed": 42,
    "device": null,
    "bs_train": 64,
    "bs_test": 32,
    "batches": null,
    "epochs": 25,
    "early_stopping": 12,
    "checkpoints": null,
    "lr": 0.01,
    "reg": 0.01,
    "filters_per_layer": [
      256
    ],
    "layers_per_block": 2,
    "pool_every": 6,
    "hidden_dims": [
      1024,
      1024
    ],
    "model_type": "cnn",
    "kw": {}
  },
  "results": {
    "num_epochs": 0,
    "train_loss": [
      1.883304670491182,
      1.5851600798194672,
      1.4607065527335457,
      1.3739776506905665,
      1.3005733826886052,
      1.2380882491693472,
      1.1815500995692085,
      1.1286269277715317,
      1.0821133558555027,
      1.0379607704899194,
      0.9921576810614837,
      0.9535726856087785,
      0.913524098942042,
      0.869178880663479,
      0.8234361896429525,
      0.7746120640231521,
      0.7287171215504942,
      0.6786239946742192,
      0.6270564752237876,
      0.5759929432664685,
      0.5263126751269831,
      0.4776232850826,
      0.43393896954596195,
      0.3957349456027341,
      0.35494545184056775
    ],
    "train_acc": [
      31.90399932861328,
      43.30799865722656,
      47.89399719238281,
      50.81999969482422,
      53.47599792480469,
      55.63800048828125,
      57.9739990234375,
      59.89799880981445,
      61.74399948120117,
      63.16599655151367,
      65.00399780273438,
      66.45999908447266,
      68.07799530029297,
      69.70600128173828,
      71.20199584960938,
      73.05599975585938,
      74.72200012207031,
      76.51200103759766,
      78.44400024414062,
      80.26399993896484,
      82.4959945678711,
      84.33200073242188,
      85.8759994506836,
      87.29000091552734,
      89.00599670410156
    ],
    "test_loss": [
      1.7879283953779421,
      1.5091882582289724,
      1.4126935178479447,
      1.400421908678719,
      1.4830323750980365,
      1.36240316637027,
      1.2239854983247507,
      1.3384390998953066,
      1.2078732095968228,
      1.1175344464497063,
      1.394913014131613,
      1.1361973517999862,
      1.1759477261537181,
      1.1466012532337786,
      1.0842900737025105,
      1.1325130868262756,
      1.4525506542132685,
      1.1112754190691745,
      1.0639821328103733,
      1.3787066843182134,
      1.1393508279856783,
      1.2241612540456814,
      1.0962327337874391,
      1.1165226478927053,
      1.1053145987728534
    ],
    "test_acc": [
      36.14999771118164,
      45.56999969482422,
      49.209999084472656,
      49.48999786376953,
      46.97999954223633,
      51.41999816894531,
      56.53999710083008,
      51.2599983215332,
      57.19999694824219,
      60.37999725341797,
      51.41999816894531,
      59.21999740600586,
      58.279998779296875,
      59.31999969482422,
      61.5,
      59.89999771118164,
      50.869998931884766,
      61.05999755859375,
      63.3599967956543,
      56.099998474121094,
      61.56999969482422,
      59.55999755859375,
      64.58000183105469,
      62.98999786376953,
      64.12999725341797
    ]
  }
}