{
  "config": {
    "run_name": "exp1_2",
    "out_dir": "./results",
    "seed": 42,
    "device": null,
    "bs_train": 64,
    "bs_test": 32,
    "batches": null,
    "epochs": 25,
    "early_stopping": 12,
    "checkpoints": null,
    "lr": 0.01,
    "reg": 0.01,
    "filters_per_layer": [
      128
    ],
    "layers_per_block": 8,
    "pool_every": 6,
    "hidden_dims": [
      1024,
      1024
    ],
    "model_type": "cnn",
    "kw": {}
  },
  "results": {
    "num_epochs": 0,
    "train_loss": [
      2.302705452875103,
      2.30270444828531,
      2.302694849955761,
      2.30269831312282,
      2.30269392341604,
      2.30268001708838,
      2.302691352946679,
      2.302692435891427,
      2.3026719196983008,
      2.302685047659423,
      2.302686010175349,
      2.3026734712483634,
      2.3026862007272824
    ],
    "train_acc": [
      9.958000183105469,
      9.769999504089355,
      9.819999694824219,
      9.823999404907227,
      9.965999603271484,
      9.745999336242676,
      9.705999374389648,
      9.831999778747559,
      9.767999649047852,
      9.723999977111816,
      9.639999389648438,
      9.943999290466309,
      9.693999290466309
    ],
    "test_loss": [
      2.302610730210813,
      2.3026006838765007,
      2.302602993413663,
      2.302590597932712,
      2.3025947698769857,
      2.3025908302575253,
      2.3025908736756056,
      2.3025877399566457,
      2.302594022628979,
      2.302589564277722,
      2.30259098717199,
      2.302594703607285,
      2.3025912751024142
    ],
    "test_acc": [
      10.0,
      10.0,
      10.0,
      10.0,
      10.0,
      10.0,
      10.0,
      10.0,
      10.0,
      10.0,
      10.0,
      10.0,
      10.0
    ]
  }
}