{
  "config": {
    "run_name": "exp1_2",
    "out_dir": "./results",
    "seed": 42,
    "device": null,
    "bs_train": 64,
    "bs_test": 32,
    "batches": null,
    "epochs": 25,
    "early_stopping": 12,
    "checkpoints": null,
    "lr": 0.01,
    "reg": 0.01,
    "filters_per_layer": [
      64
    ],
    "layers_per_block": 4,
    "pool_every": 6,
    "hidden_dims": [
      1024,
      1024
    ],
    "model_type": "cnn",
    "kw": {}
  },
  "results": {
    "num_epochs": 0,
    "train_loss": [
      2.196933667830494,
      1.7485132136613206,
      1.5923968835559952,
      1.502445330095413,
      1.449804209687216,
      1.4084967765051994,
      1.3728410709849403,
      1.3387756077834712,
      1.3070143697511813,
      1.2767440617999153,
      1.2458211560840802,
      1.2203519365671651,
      1.1857384868594996,
      1.1585551626084711,
      1.1212248617730787,
      1.08551774518874,
      1.0487080930596422,
      1.0080701557876508,
      0.9628137384381745,
      0.9114470724254617,
      0.8542167739109006,
      0.789902882922031,
      0.7164669767822451,
      0.6484577382921868,
      0.5715850544021562
    ],
    "train_acc": [
      18.378000259399414,
      37.593997955322266,
      43.01199722290039,
      45.94199752807617,
      48.167999267578125,
      49.507999420166016,
      50.87999725341797,
      52.099998474121094,
      53.40999984741211,
      54.49399948120117,
      55.88999938964844,
      56.59599685668945,
      57.85599899291992,
      59.04999923706055,
      60.1359977722168,
      61.51199722290039,
      62.685997009277344,
      64.34600067138672,
      65.93000030517578,
      67.99800109863281,
      69.99800109863281,
      72.2459945678711,
      74.7699966430664,
      77.11199951171875,
      79.9679946899414
    ],
    "test_loss": [
      1.9500843602628373,
      1.6721938928476157,
      1.8021059996022966,
      1.5654263416418253,
      1.5712515584196145,
      1.4964789626316521,
      1.774556959018159,
      1.428224717085354,
      1.3516366630316543,
      1.4721706263935224,
      1.3176647180947252,
      1.3443171016324442,
      1.2800970292700746,
      1.575993888294354,
      1.3095056094681492,
      1.4374685655005823,
      1.3657894081201036,
      1.4134986962373264,
      1.6564197361278838,
      1.5061944007111814,
      1.584029929896894,
      1.4718587063371944,
      1.5085374533939666,
      1.3501545274600435,
      1.372317742615843
    ],
    "test_acc": [
      29.34000015258789,
      39.38999938964844,
      38.21999740600586,
      44.38999938964844,
      44.16999816894531,
      47.23999786376953,
      41.13999938964844,
      48.19999694824219,
      51.369998931884766,
      48.18000030517578,
      52.64999771118164,
      52.46999740600586,
      54.18000030517578,
      46.41999816894531,
      53.62999725341797,
      50.98999786376953,
      53.16999816894531,
      52.06999969482422,
      46.19999694824219,
      50.39999771118164,
      48.90999984741211,
      52.28999710083008,
      51.939998626708984,
      56.56999969482422,
      56.72999954223633
    ]
  }
}