{
  "config": {
    "run_name": "exp1_2",
    "out_dir": "./results",
    "seed": 42,
    "device": null,
    "bs_train": 64,
    "bs_test": 32,
    "batches": null,
    "epochs": 25,
    "early_stopping": 12,
    "checkpoints": null,
    "lr": 0.01,
    "reg": 0.01,
    "filters_per_layer": [
      128
    ],
    "layers_per_block": 2,
    "pool_every": 6,
    "hidden_dims": [
      1024,
      1024
    ],
    "model_type": "cnn",
    "kw": {}
  },
  "results": {
    "num_epochs": 0,
    "train_loss": [
      1.916819784799805,
      1.6239937790824324,
      1.508874295770055,
      1.4263803196685088,
      1.3604313507104469,
      1.3084877002269715,
      1.2625349577125686,
      1.214463768026713,
      1.170970964462251,
      1.1255178926393503,
      1.0809603067462707,
      1.0410009773490985,
      0.9989096971271593,
      0.9609979690645661,
      0.9205978409103726,
      0.8810798939689041,
      0.8399425183263276,
      0.8015708485070396,
      0.7539395005120646,
      0.7090833264086253,
      0.6652678039753833,
      0.6142402726518529,
      0.5700869003067845,
      0.5203137986190484,
      0.4793145932504893
    ],
    "train_acc": [
      30.831998825073242,
      41.95800018310547,
      46.11199951171875,
      49.01199722290039,
      51.3599967956543,
      53.1099967956543,
      54.94199752807617,
      56.86199951171875,
      58.46999740600586,
      60.22599792480469,
      61.641998291015625,
      63.10599899291992,
      64.84600067138672,
      66.21599578857422,
      67.64799499511719,
      69.04999542236328,
      70.76599884033203,
      72.06800079345703,
      74.06600189208984,
      75.52999877929688,
      76.98799896240234,
      79.00999450683594,
      80.5459976196289,
      82.66400146484375,
      84.18799591064453
    ],
    "test_loss": [
      1.7295348891815818,
      1.6368695101418054,
      1.4685196042441713,
      1.4798085777142558,
      1.425375079385008,
      1.357061411816472,
      1.325862272669332,
      1.324427181349014,
      1.4140499228486618,
      1.235764434924141,
      1.18813215829313,
      1.174205760605419,
      1.2331963234816115,
      1.1465671546162126,
      1.1621255084348563,
      1.1757997384848304,
      1.2404958611479202,
      1.3121378019975778,
      1.1182866922963541,
      1.0953410104059944,
      1.2533605590034216,
      1.4890432670093572,
      1.270925183456165,
      1.1394427293024885,
      1.2402622158915853
    ],
    "test_acc": [
      38.23999786376953,
      41.65999984741211,
      47.029998779296875,
      47.13999938964844,
      48.39999771118164,
      51.689998626708984,
      52.04999923706055,
      53.189998626708984,
      50.23999786376953,
      56.41999816894531,
      57.25,
      57.57999801635742,
      55.91999816894531,
      58.57999801635742,
      58.29999923706055,
      58.28999710083008,
      56.32999801635742,
      55.79999923706055,
      60.519996643066406,
      61.94999694824219,
      58.0,
      53.09000015258789,
      58.96999740600586,
      61.3599967956543,
      60.75
    ]
  }
}