{
  "config": {
    "run_name": "exp1_1",
    "out_dir": "./results",
    "seed": 42,
    "device": null,
    "bs_train": 64,
    "bs_test": 32,
    "batches": null,
    "epochs": 25,
    "early_stopping": null,
    "checkpoints": null,
    "lr": 0.01,
    "reg": 0.01,
    "filters_per_layer": [
      32
    ],
    "layers_per_block": 4,
    "pool_every": 6,
    "hidden_dims": [
      1024,
      1024
    ],
    "model_type": "cnn",
    "kw": {}
  },
  "results": {
    "num_epochs": 0,
    "train_loss": [
      2.3023163985718242,
      2.2437287654413285,
      1.8912237222542239,
      1.691138156844527,
      1.5890572328701653,
      1.5178372443789412,
      1.4645754822989558,
      1.4312430481471674,
      1.3993334780873545,
      1.3732507801269327,
      1.3480501735149442,
      1.3302611133174214,
      1.3049178965713666,
      1.285327411597342,
      1.2640004489580383,
      1.2432781850437984,
      1.228148616335886,
      1.2007972679632095,
      1.1802448536581396,
      1.1569249005726232,
      1.130017564882098,
      1.1060711480010197,
      1.0723829562859157,
      1.0478060884243996,
      1.0194720896461127
    ],
    "train_acc": [
      10.27199935913086,
      16.802000045776367,
      30.90399932861328,
      39.593997955322266,
      43.54800033569336,
      45.895999908447266,
      47.60199737548828,
      48.753997802734375,
      50.03199768066406,
      50.90599822998047,
      51.87799835205078,
      52.42399978637695,
      53.40999984741211,
      54.08599853515625,
      55.09599685668945,
      55.775997161865234,
      56.34599685668945,
      57.34199905395508,
      57.92599868774414,
      58.731998443603516,
      59.84000015258789,
      60.775997161865234,
      61.89399719238281,
      62.76199722290039,
      63.8599967956543
    ],
    "test_loss": [
      2.301353420312412,
      2.0222502367945907,
      1.7923004311113693,
      1.8904168899066913,
      1.5631514060230682,
      1.5296730583849045,
      1.5158228714245197,
      1.5202173065072813,
      1.5034031761340059,
      1.674454591144769,
      1.379190634233883,
      1.4337179862653104,
      1.394660250828289,
      1.3701652652158525,
      1.5968049383772829,
      1.4563428163528442,
      1.3564624963477017,
      1.4697473696626413,
      1.4460355867973913,
      1.4062868535709077,
      1.4460131089908246,
      1.367408970864817,
      1.5567430642466196,
      1.2863175712835293,
      1.579671492020543
    ],
    "test_acc": [
      16.719999313354492,
      26.28999900817871,
      34.84000015258789,
      36.279998779296875,
      44.61000061035156,
      44.18000030517578,
      46.57999801635742,
      46.459999084472656,
      46.19999694824219,
      42.52000045776367,
      50.599998474121094,
      48.13999938964844,
      50.32999801635742,
      51.099998474121094,
      44.41999816894531,
      49.09000015258789,
      52.13999938964844,
      47.94999694824219,
      50.349998474121094,
      50.56999969482422,
      49.15999984741211,
      51.38999938964844,
      47.72999954223633,
      54.53999710083008,
      47.959999084472656
    ]
  }
}