{
  "config": {
    "run_name": "exp1_1",
    "out_dir": "./results",
    "seed": 42,
    "device": null,
    "bs_train": 64,
    "bs_test": 32,
    "batches": null,
    "epochs": 25,
    "early_stopping": null,
    "checkpoints": null,
    "lr": 0.01,
    "reg": 0.01,
    "filters_per_layer": [
      32
    ],
    "layers_per_block": 16,
    "pool_every": 6,
    "hidden_dims": [
      1024,
      1024
    ],
    "model_type": "cnn",
    "kw": {}
  },
  "results": {
    "num_epochs": 0,
    "train_loss": [
      2.302758095819322,
      2.302698750020293,
      2.3027104855803273,
      2.302685064732876,
      2.302689859019521,
      2.3026946051346373,
      2.302680039954612,
      2.302676985635782,
      2.3026859784675073,
      2.302693742925249,
      2.3026831037248185,
      2.302679562507688,
      2.3026897687741252,
      2.3026834744626603,
      2.3026808195406825,
      2.3026707943748024,
      2.302684279049144,
      2.302677906077841,
      2.302695354842164,
      2.302666549182609,
      2.3026784841361865,
      2.3026828433546567,
      2.3026879406950966,
      2.302676334710377,
      2.302667506210639
    ],
    "train_acc": [
      10.01200008392334,
      9.829999923706055,
      9.673999786376953,
      9.717999458312988,
      9.833999633789062,
      9.711999893188477,
      9.859999656677246,
      9.795999526977539,
      9.923999786376953,
      9.696000099182129,
      9.82800006866455,
      9.863999366760254,
      9.722000122070312,
      9.763999938964844,
      9.89799976348877,
      9.949999809265137,
      9.625999450683594,
      9.868000030517578,
      9.477999687194824,
      9.937999725341797,
      9.739999771118164,
      9.605999946594238,
      9.719999313354492,
      9.731999397277832,
      9.855999946594238
    ],
    "test_loss": [
      2.3026287852765654,
      2.30261284855608,
      2.30259424124282,
      2.302597357442204,
      2.3026000722147786,
      2.3025930857125183,
      2.3025904318775994,
      2.3025930689546628,
      2.3025954737069125,
      2.302587718628466,
      2.3025929988763583,
      2.302597765724499,
      2.302596599530107,
      2.3025923582692496,
      2.3025887766585185,
      2.3025940294844656,
      2.3025937011828437,
      2.302595902555667,
      2.302591077816753,
      2.3025994346545526,
      2.3025927650281033,
      2.302593407158654,
      2.302587642456396,
      2.302593527510524,
      2.3025957174575367
    ],
    "test_acc": [
      10.0,
      10.0,
      10.0,
      10.0,
      10.0,
      10.0,
      10.0,
      10.0,
      10.0,
      10.0,
      10.0,
      10.0,
      10.0,
      10.0,
      10.0,
      10.0,
      10.0,
      10.0,
      10.0,
      10.0,
      10.0,
      10.0,
      10.0,
      10.0,
      10.0
    ]
  }
}