{
  "config": {
    "run_name": "exp1_1",
    "out_dir": "./results",
    "seed": 42,
    "device": null,
    "bs_train": 64,
    "bs_test": 32,
    "batches": null,
    "epochs": 25,
    "early_stopping": null,
    "checkpoints": null,
    "lr": 0.01,
    "reg": 0.01,
    "filters_per_layer": [
      32
    ],
    "layers_per_block": 2,
    "pool_every": 6,
    "hidden_dims": [
      1024,
      1024
    ],
    "model_type": "cnn",
    "kw": {}
  },
  "results": {
    "num_epochs": 0,
    "train_loss": [
      2.0330508439742085,
      1.71209058340858,
      1.5730311012329043,
      1.4828994585120159,
      1.4153646113317642,
      1.363179231924779,
      1.3175810151697729,
      1.274085746396838,
      1.237404959433524,
      1.2029825330085462,
      1.1680007451178167,
      1.1365935201077815,
      1.1024382433013233,
      1.0708016786733856,
      1.0346876792133313,
      1.0034226087657996,
      0.9678106438320921,
      0.9354898671207525,
      0.9018035858031124,
      0.8667871283600702,
      0.835430981138783,
      0.8013359543764987,
      0.7636714929814838,
      0.7293191183253628,
      0.6898830694234585
    ],
    "train_acc": [
      25.5679988861084,
      38.9119987487793,
      43.599998474121094,
      46.88399887084961,
      49.40999984741211,
      51.231998443603516,
      52.67599868774414,
      54.54199981689453,
      56.00599670410156,
      57.10599899291992,
      58.62999725341797,
      59.45199966430664,
      61.007999420166016,
      62.27799987792969,
      63.44599914550781,
      64.66799926757812,
      65.91799926757812,
      67.0979995727539,
      68.41400146484375,
      69.7459945678711,
      70.75599670410156,
      72.0260009765625,
      73.6500015258789,
      74.63199615478516,
      76.29199981689453
    ],
    "test_loss": [
      1.795479181856393,
      1.6722455839760386,
      1.5422995459919158,
      1.7704812452054253,
      1.665820858729914,
      1.3493622722336278,
      1.3218860757617523,
      1.4581694241148977,
      1.2639894872046888,
      1.2911052825732734,
      1.3760955169939766,
      1.260203142326099,
      1.3068695066455074,
      1.2231145405921693,
      1.1791598873016553,
      1.1977816391676759,
      1.3943457892908455,
      1.304451490172182,
      1.304786254422733,
      1.219315506208438,
      1.17817612635061,
      1.222498941535767,
      1.2821540402147336,
      1.1364442662309153,
      1.1519172915254539
    ],
    "test_acc": [
      35.43000030517578,
      39.0,
      43.93000030517578,
      39.099998474121094,
      41.86000061035156,
      50.88999938964844,
      53.31999969482422,
      47.90999984741211,
      54.57999801635742,
      53.68000030517578,
      51.23999786376953,
      55.28999710083008,
      53.75,
      56.02000045776367,
      58.03999710083008,
      56.69999694824219,
      51.0099983215332,
      55.16999816894531,
      55.27000045776367,
      57.96999740600586,
      58.53999710083008,
      57.55999755859375,
      55.71999740600586,
      60.57999801635742,
      59.98999786376953
    ]
  }
}