{
  "config": {
    "run_name": "exp1_2",
    "out_dir": "./results",
    "seed": 42,
    "device": null,
    "bs_train": 64,
    "bs_test": 32,
    "batches": null,
    "epochs": 25,
    "early_stopping": 12,
    "checkpoints": null,
    "lr": 0.01,
    "reg": 0.01,
    "filters_per_layer": [
      256
    ],
    "layers_per_block": 4,
    "pool_every": 6,
    "hidden_dims": [
      1024,
      1024
    ],
    "model_type": "cnn",
    "kw": {}
  },
  "results": {
    "num_epochs": 0,
    "train_loss": [
      2.0424433432881486,
      1.6531579494476318,
      1.5241967823804188,
      1.447951321254301,
      1.3926921082884454,
      1.3509249360207707,
      1.3076225080148642,
      1.2651681704137026,
      1.2215518043626605,
      1.1834989291475253,
      1.1406043560608574,
      1.1005291821401748,
      1.0570333177018958,
      1.0165543164438604,
      0.9716388474949791,
      0.9240362347696748,
      0.8792487555147742,
      0.8236765390466851,
      0.7641764757654551,
      0.6985063648513515,
      0.6338495298877092,
      0.5697767044348485,
      0.49795822263754846,
      0.4365900783511379,
      0.38440281669120957
    ],
    "train_acc": [
      24.90999984741211,
      40.79199981689453,
      45.32999801635742,
      48.02799987792969,
      50.02000045776367,
      51.64399719238281,
      53.349998474121094,
      55.08599853515625,
      56.477996826171875,
      57.90399932861328,
      59.68000030517578,
      61.0359992980957,
      62.551998138427734,
      64.08999633789062,
      65.4739990234375,
      67.39399719238281,
      68.99199676513672,
      70.95600128173828,
      73.1719970703125,
      75.48799896240234,
      77.83599853515625,
      79.9679946899414,
      82.57799530029297,
      85.02999877929688,
      86.8239974975586
    ],
    "test_loss": [
      1.791213530701951,
      1.7510781048204953,
      1.5919612413778093,
      1.4961256980895996,
      1.5086899474025153,
      1.4046574105469944,
      1.3500848498207312,
      1.3670061737203751,
      1.8475873378899912,
      1.274688152840343,
      1.3459437525691316,
      1.315188023419426,
      1.3581885857323108,
      1.2240309269664387,
      1.2537278020724703,
      1.2473247662519875,
      1.3839028698567766,
      1.2908458359325274,
      1.3233580833045058,
      1.3084120912292896,
      1.485513991822069,
      1.3996865391350402,
      1.3638356769808566,
      1.365780465138225,
      1.376052760278074
    ],
    "test_acc": [
      34.61000061035156,
      38.64999771118164,
      41.97999954223633,
      45.54999923706055,
      46.18000030517578,
      49.5,
      51.84000015258789,
      51.369998931884766,
      38.41999816894531,
      54.40999984741211,
      52.2599983215332,
      54.0,
      52.90999984741211,
      56.79999923706055,
      57.22999954223633,
      56.71999740600586,
      54.04999923706055,
      56.529998779296875,
      56.8599967956543,
      56.78999710083008,
      53.84000015258789,
      57.2599983215332,
      58.189998626708984,
      58.68000030517578,
      60.41999816894531
    ]
  }
}