{
  "config": {
    "run_name": "exp1_2",
    "out_dir": "./results",
    "seed": 42,
    "device": null,
    "bs_train": 64,
    "bs_test": 32,
    "batches": null,
    "epochs": 25,
    "early_stopping": 12,
    "checkpoints": null,
    "lr": 0.01,
    "reg": 0.01,
    "filters_per_layer": [
      32
    ],
    "layers_per_block": 8,
    "pool_every": 6,
    "hidden_dims": [
      1024,
      1024
    ],
    "model_type": "cnn",
    "kw": {}
  },
  "results": {
    "num_epochs": 0,
    "train_loss": [
      2.3027334643142,
      2.302698322879079,
      2.3026892373628933,
      2.3027017555578286,
      2.3026863022533526,
      2.30267177183,
      2.3026918773456,
      2.3026826589003853,
      2.302683525378137,
      2.3026767923399007,
      2.302685899502786,
      2.302673081912653,
      2.30267524200937
    ],
    "train_acc": [
      9.76200008392334,
      9.777999877929688,
      9.802000045776367,
      9.538000106811523,
      9.769999504089355,
      9.727999687194824,
      9.723999977111816,
      9.807999610900879,
      9.795999526977539,
      9.644000053405762,
      9.607999801635742,
      9.87399959564209,
      9.805999755859375
    ],
    "test_loss": [
      2.3026042609169077,
      2.3026005787590442,
      2.302606710610679,
      2.3025941734496778,
      2.3025939510272333,
      2.3026063952583096,
      2.3025878641171196,
      2.302594526126362,
      2.302591580552415,
      2.302591071722987,
      2.3026012452646567,
      2.302592400925609,
      2.302601255167026
    ],
    "test_acc": [
      10.0,
      10.0,
      10.0,
      10.0,
      10.0,
      10.0,
      10.0,
      10.0,
      10.0,
      10.0,
      10.0,
      10.0,
      10.0
    ]
  }
}