{
  "config": {
    "run_name": "exp1_2",
    "out_dir": "./results",
    "seed": 42,
    "device": null,
    "bs_train": 64,
    "bs_test": 32,
    "batches": null,
    "epochs": 25,
    "early_stopping": 12,
    "checkpoints": null,
    "lr": 0.01,
    "reg": 0.01,
    "filters_per_layer": [
      128
    ],
    "layers_per_block": 4,
    "pool_every": 6,
    "hidden_dims": [
      1024,
      1024
    ],
    "model_type": "cnn",
    "kw": {}
  },
  "results": {
    "num_epochs": 0,
    "train_loss": [
      2.139105670592364,
      1.703702178757514,
      1.563914528893083,
      1.482454882024804,
      1.4253328261168108,
      1.3871093931253,
      1.351077821477295,
      1.3150118909528494,
      1.2830483508689323,
      1.2508530378951441,
      1.2191045717967441,
      1.1881754980672656,
      1.1553837289590665,
      1.1181742527600749,
      1.0810480235177842,
      1.0416683973863607,
      1.006155798654727,
      0.9572525327010533,
      0.9093208973060178,
      0.8595394953285032,
      0.7985309852129968,
      0.7360114840137989,
      0.6663650854316818,
      0.5924951141447667,
      0.521692654703889
    ],
    "train_acc": [
      21.15999984741211,
      39.10799789428711,
      43.99599838256836,
      46.73999786376953,
      48.79800033569336,
      50.46399688720703,
      51.865997314453125,
      53.27000045776367,
      54.22200012207031,
      55.57600021362305,
      56.593997955322266,
      57.80999755859375,
      59.205997467041016,
      60.46999740600586,
      61.58599853515625,
      63.215999603271484,
      64.47200012207031,
      66.21199798583984,
      68.00399780273438,
      69.74199676513672,
      71.81399536132812,
      74.24199676513672,
      76.33599853515625,
      79.31999969482422,
      81.76799774169922
    ],
    "test_loss": [
      1.9484212436615087,
      1.6896186111072382,
      1.5313777405613909,
      1.5157320724127772,
      1.4803710235193515,
      1.5323158354043198,
      1.4299588260559228,
      1.5433281743869234,
      1.4569635351245014,
      1.489253973618102,
      1.3529996632006223,
      1.4756918303882733,
      1.3383398794899353,
      1.3694353145532334,
      1.2963653477236106,
      1.407915722257413,
      2.0827964654745768,
      1.4295191094517328,
      1.2735419776112127,
      1.3557956112078584,
      1.3908747008052498,
      1.3523425722655398,
      1.4233436790137246,
      1.3192176335155013,
      1.4473315294558249
    ],
    "test_acc": [
      30.259998321533203,
      39.22999954223633,
      44.87999725341797,
      45.22999954223633,
      46.78999710083008,
      45.80999755859375,
      49.16999816894531,
      46.349998474121094,
      47.779998779296875,
      44.79999923706055,
      52.709999084472656,
      48.07999801635742,
      52.119998931884766,
      51.52000045776367,
      54.80999755859375,
      51.96999740600586,
      39.849998474121094,
      50.21999740600586,
      55.30999755859375,
      55.22999954223633,
      54.09000015258789,
      56.84000015258789,
      55.31999969482422,
      58.269996643066406,
      56.06999969482422
    ]
  }
}