{
  "config": {
    "run_name": "exp1_4",
    "out_dir": "./results",
    "seed": 42,
    "device": null,
    "bs_train": 50,
    "bs_test": 12,
    "batches": 10,
    "epochs": 25,
    "early_stopping": 12,
    "checkpoints": null,
    "lr": 0.01,
    "reg": 0.01,
    "filters_per_layer": [
      32
    ],
    "layers_per_block": 16,
    "pool_every": 6,
    "hidden_dims": [
      1024,
      1024
    ],
    "model_type": "resnet",
    "kw": {}
  },
  "results": {
    "num_epochs": 0,
    "train_loss": [
      2.2176081705093384,
      2.0367009179592133,
      1.9720392895936967,
      1.8838731960058213,
      1.7702352765798568,
      1.6887993724346162,
      1.6345432401895523,
      1.598576250076294,
      1.5735665799379348,
      1.5524646986722945,
      1.5362674893140793,
      1.523779288649559,
      1.512293784379959,
      1.501709937930107,
      1.494440094947815,
      1.4864934941530228,
      1.4794385145902633,
      1.4747482336759568,
      1.4658469883203507,
      1.4624306794404984,
      1.455351616501808,
      1.4465411068201066,
      1.4425439960956574,
      1.4328611327409744,
      1.4257401974201203
    ],
    "train_acc": [
      19.229999542236328,
      24.486000061035156,
      27.237998962402344,
      30.935998916625977,
      35.619998931884766,
      38.365997314453125,
      40.1879997253418,
      41.53199768066406,
      42.56800079345703,
      43.35799789428711,
      43.79800033569336,
      44.097999572753906,
      44.7239990234375,
      45.18000030517578,
      45.29999923706055,
      45.55399703979492,
      46.02199935913086,
      46.26799774169922,
      46.481998443603516,
      46.99799728393555,
      47.01199722290039,
      47.667999267578125,
      47.663997650146484,
      48.03799819946289,
      48.375999450683594
    ],
    "test_loss": [
      2.0794943195166917,
      1.9925888549509665,
      1.914109771343158,
      1.7975206923999374,
      1.7963191979794766,
      1.6380506864697528,
      1.57213394990642,
      1.616769714535569,
      1.5314854932345932,
      1.5059451465841105,
      1.487691174093768,
      1.5011281677001387,
      1.5095953364595234,
      1.5120121556506168,
      1.5313719188709625,
      1.5103732561178915,
      1.4597401634680567,
      1.4403145717774077,
      1.472493314342819,
      1.439841581691655,
      1.4283237130664808,
      1.4290250822794524,
      1.4839150729796868,
      1.4177054606324477,
      1.4319902076709756
    ],
    "test_acc": [
      23.760000228881836,
      26.76999855041504,
      30.03999900817871,
      34.97999954223633,
      34.02000045776367,
      39.88999938964844,
      42.55999755859375,
      39.72999954223633,
      43.37999725341797,
      44.63999938964844,
      45.75,
      44.779998779296875,
      45.22999954223633,
      44.56999969482422,
      43.77000045776367,
      45.66999816894531,
      46.90999984741211,
      47.29999923706055,
      45.91999816894531,
      47.72999954223633,
      48.72999954223633,
      47.88999938964844,
      45.56999969482422,
      48.779998779296875,
      47.34000015258789
    ]
  }
}