{
  "config": {
    "run_name": "exp1_4",
    "out_dir": "./results",
    "seed": 42,
    "device": null,
    "bs_train": 50,
    "bs_test": 12,
    "batches": 10,
    "epochs": 10,
    "early_stopping": 5,
    "checkpoints": null,
    "lr": 0.01,
    "reg": 0.001,
    "filters_per_layer": [
      64,
      128,
      256
    ],
    "layers_per_block": 8,
    "pool_every": 6,
    "hidden_dims": [
      1024,
      1024
    ],
    "model_type": "resnet",
    "kw": {}
  },
  "results": {
    "num_epochs": 0,
    "train_loss": [
      2.30207396030426,
      2.301979735612869,
      2.3022370553016662,
      2.302482505321503,
      2.3026068716049193,
      2.3026551864147184,
      2.3027005841732024
    ],
    "train_acc": [
      10.644000053405762,
      10.823999404907227,
      10.973999977111816,
      10.170000076293945,
      9.934000015258789,
      9.90999984741211,
      9.657999992370605
    ],
    "test_loss": [
      2.30176184217421,
      2.302000939131355,
      2.3022886591849567,
      2.3024468533426736,
      2.3025305948669104,
      2.3025806890688925,
      2.302587903660836
    ],
    "test_acc": [
      10.050000190734863,
      10.139999389648438,
      10.0,
      10.0,
      10.0,
      10.0,
      10.0
    ]
  }
}