{
  "config": {
    "run_name": "exp1_3",
    "out_dir": "./results",
    "seed": 42,
    "device": null,
    "bs_train": 64,
    "bs_test": 32,
    "batches": null,
    "epochs": 25,
    "early_stopping": 12,
    "checkpoints": null,
    "lr": 0.01,
    "reg": 0.01,
    "filters_per_layer": [
      64,
      128,
      256
    ],
    "layers_per_block": 3,
    "pool_every": 6,
    "hidden_dims": [
      1024,
      1024
    ],
    "model_type": "cnn",
    "kw": {}
  },
  "results": {
    "num_epochs": 0,
    "train_loss": [
      2.302763887988332,
      2.3027010351190786,
      2.3027065425272792,
      2.3027038577267582,
      2.3027008494452748,
      2.3026823820665365,
      2.302680130504891,
      2.3026861129209513,
      2.3026789576196305,
      2.3026854324218866,
      2.3026761959885698,
      2.302682651888074,
      2.302697081090239
    ],
    "train_acc": [
      9.649999618530273,
      9.77400016784668,
      9.649999618530273,
      9.605999946594238,
      9.435999870300293,
      9.811999320983887,
      9.92199993133545,
      9.835999488830566,
      9.941999435424805,
      9.82800006866455,
      9.802000045776367,
      9.797999382019043,
      9.593999862670898
    ],
    "test_loss": [
      2.3026090483315076,
      2.302602895151693,
      2.302609151163802,
      2.30259013861513,
      2.3025872303654973,
      2.3025959665402054,
      2.3025923757888256,
      2.3025908005504183,
      2.3025950448581587,
      2.3025916308259813,
      2.302589939806027,
      2.302596668846691,
      2.3025882861103875
    ],
    "test_acc": [
      10.0,
      10.0,
      10.0,
      10.0,
      10.0,
      10.0,
      10.0,
      10.0,
      10.0,
      10.0,
      10.0,
      10.0,
      10.0
    ]
  }
}