{
  "config": {
    "run_name": "exp1_4",
    "out_dir": "./results",
    "seed": 42,
    "device": null,
    "bs_train": 50,
    "bs_test": 12,
    "batches": 10,
    "epochs": 10,
    "early_stopping": 5,
    "checkpoints": null,
    "lr": 0.01,
    "reg": 0.001,
    "filters_per_layer": [
      64,
      128,
      256
    ],
    "layers_per_block": 4,
    "pool_every": 6,
    "hidden_dims": [
      1024,
      1024
    ],
    "model_type": "resnet",
    "kw": {}
  },
  "results": {
    "num_epochs": 0,
    "train_loss": [
      2.1678538142442703,
      1.9875677746534348,
      1.917624591231346,
      1.8327462210655212,
      1.7411298847198486,
      1.6632860172986985,
      1.5963318283557892,
      1.5502787452936173,
      1.5165704782009124,
      1.4923036350011825
    ],
    "train_acc": [
      19.993999481201172,
      27.118000030517578,
      30.713998794555664,
      34.31999969482422,
      37.25600051879883,
      39.66600036621094,
      42.242000579833984,
      43.77399826049805,
      45.44599914550781,
      46.06599807739258
    ],
    "test_loss": [
      2.0283446885127243,
      1.948554598741966,
      1.8777832962054428,
      1.7668338488045927,
      1.7310474710784656,
      1.6253611795622096,
      1.6797718581535834,
      1.554859330471185,
      1.4796772339789988,
      1.4719931293162796
    ],
    "test_acc": [
      25.010000228881836,
      29.34000015258789,
      31.989999771118164,
      36.66999816894531,
      37.7599983215332,
      41.21999740600586,
      40.70000076293945,
      44.82999801635742,
      46.72999954223633,
      46.5099983215332
    ]
  }
}