{
  "config": {
    "run_name": "exp1_1",
    "out_dir": "./results",
    "seed": 42,
    "device": null,
    "bs_train": 64,
    "bs_test": 32,
    "batches": null,
    "epochs": 25,
    "early_stopping": null,
    "checkpoints": null,
    "lr": 0.01,
    "reg": 0.01,
    "filters_per_layer": [
      64
    ],
    "layers_per_block": 2,
    "pool_every": 6,
    "hidden_dims": [
      1024,
      1024
    ],
    "model_type": "cnn",
    "kw": {}
  },
  "results": {
    "num_epochs": 0,
    "train_loss": [
      1.9712933818702503,
      1.6538343478346724,
      1.5287611004336716,
      1.4445037613134555,
      1.3795216906710963,
      1.3210484512779108,
      1.2730597903204086,
      1.233887801770969,
      1.195220256781639,
      1.1568861990176198,
      1.1207960435496571,
      1.082210620955738,
      1.0438717349106088,
      1.0082676729277882,
      0.970291328247246,
      0.9325362341788114,
      0.9010783005553438,
      0.8639618517340296,
      0.8301909505711187,
      0.7917332481164152,
      0.7572263157962228,
      0.7160463257290214,
      0.6815709132901238,
      0.645271214225408,
      0.6019244089227198
    ],
    "train_acc": [
      28.945999145507812,
      40.83799743652344,
      45.30399703979492,
      48.347999572753906,
      50.51599884033203,
      52.78199768066406,
      54.55999755859375,
      56.21999740600586,
      57.487998962402344,
      58.961997985839844,
      60.215999603271484,
      61.85199737548828,
      63.10799789428711,
      64.47799682617188,
      65.83999633789062,
      67.06199645996094,
      68.41400146484375,
      69.87200164794922,
      70.78800201416016,
      72.23799896240234,
      73.77399444580078,
      75.33799743652344,
      76.5199966430664,
      77.93199920654297,
      79.63999938964844
    ],
    "test_loss": [
      1.7625771456252273,
      1.6804339748601944,
      1.500363212043104,
      1.8075889189022418,
      1.3727385723552765,
      1.315225607480485,
      1.3140229247629451,
      1.3952726259018287,
      1.3087697619447312,
      1.200435845806195,
      1.382313085821109,
      1.1595704905902997,
      1.240789225878426,
      1.1858378862039731,
      1.1690673906201372,
      1.201339014993308,
      1.142805887773014,
      1.0929513743129402,
      1.2844661797959203,
      1.105382679369503,
      1.2016720874621845,
      1.099988782177337,
      1.1827464044665377,
      1.2649589575136813,
      1.0527907015797429
    ],
    "test_acc": [
      36.959999084472656,
      38.61000061035156,
      45.69999694824219,
      37.71999740600586,
      51.94999694824219,
      53.12999725341797,
      52.13999938964844,
      49.7599983215332,
      52.62999725341797,
      57.18000030517578,
      52.37999725341797,
      58.78999710083008,
      55.68000030517578,
      57.099998474121094,
      58.369998931884766,
      55.849998474121094,
      58.779998779296875,
      61.12999725341797,
      56.209999084472656,
      60.48999786376953,
      58.39999771118164,
      61.619998931884766,
      59.1099967956543,
      57.1099967956543,
      63.84000015258789
    ]
  }
}