{
  "config": {
    "run_name": "exp1_1",
    "out_dir": "./results",
    "seed": 42,
    "device": null,
    "bs_train": 64,
    "bs_test": 32,
    "batches": null,
    "epochs": 25,
    "early_stopping": null,
    "checkpoints": null,
    "lr": 0.01,
    "reg": 0.01,
    "filters_per_layer": [
      64
    ],
    "layers_per_block": 8,
    "pool_every": 6,
    "hidden_dims": [
      1024,
      1024
    ],
    "model_type": "cnn",
    "kw": {}
  },
  "results": {
    "num_epochs": 0,
    "train_loss": [
      2.3027390592238484,
      2.3026936987172,
      2.3027031680812007,
      2.302682687559396,
      2.302687065375735,
      2.3026783377923015,
      2.302687863254791,
      2.302692738945222,
      2.302677205151609,
      2.302682863781824,
      2.30266931874063,
      2.302667088825684,
      2.302668369334677,
      2.3026831198836226,
      2.3026814933323188,
      2.3026849037546024,
      2.3026851583319856,
      2.3026837900166623,
      2.3026727803832734,
      2.302693906342587,
      2.302667531211053,
      2.3026845003942698,
      2.3026862598746023,
      2.3026826326804395,
      2.302686594026473
    ],
    "train_acc": [
      9.972000122070312,
      9.851999282836914,
      9.863999366760254,
      9.845999717712402,
      9.7839994430542,
      9.755999565124512,
      9.765999794006348,
      9.755999565124512,
      9.965999603271484,
      9.92199993133545,
      9.833999633789062,
      9.973999977111816,
      9.693999290466309,
      9.843999862670898,
      9.613999366760254,
      9.72599983215332,
      9.70199966430664,
      9.918000221252441,
      9.631999969482422,
      9.693999290466309,
      9.923999786376953,
      9.657999992370605,
      9.789999961853027,
      9.642000198364258,
      9.793999671936035
    ],
    "test_loss": [
      2.302600612274755,
      2.3026040209748873,
      2.3025944583332194,
      2.302597514356668,
      2.3025928610049116,
      2.3026002375081704,
      2.3025939715936925,
      2.302590910238199,
      2.3025919857878274,
      2.3025890402138804,
      2.3026005315323608,
      2.3025963504474385,
      2.3025957799186343,
      2.3025885732790914,
      2.3025875540967946,
      2.302589394414006,
      2.302588525290687,
      2.302589194081462,
      2.3025996334636556,
      2.3025928465322183,
      2.302594084328356,
      2.3025912316843344,
      2.302596122692949,
      2.302591049633087,
      2.3025902147872
    ],
    "test_acc": [
      10.0,
      10.0,
      10.0,
      10.0,
      10.0,
      10.0,
      10.0,
      10.0,
      10.0,
      10.0,
      10.0,
      10.0,
      10.0,
      10.0,
      10.0,
      10.0,
      10.0,
      10.0,
      10.0,
      10.0,
      10.0,
      10.0,
      10.0,
      10.0,
      10.0
    ]
  }
}