{
  "config": {
    "run_name": "exp1_2",
    "out_dir": "./results",
    "seed": 42,
    "device": null,
    "bs_train": 64,
    "bs_test": 32,
    "batches": null,
    "epochs": 25,
    "early_stopping": 12,
    "checkpoints": null,
    "lr": 0.01,
    "reg": 0.01,
    "filters_per_layer": [
      64
    ],
    "layers_per_block": 8,
    "pool_every": 6,
    "hidden_dims": [
      1024,
      1024
    ],
    "model_type": "cnn",
    "kw": {}
  },
  "results": {
    "num_epochs": 0,
    "train_loss": [
      2.3027390708094058,
      2.3026937462789627,
      2.3027031220438534,
      2.3026826653029304,
      2.3026870854980195,
      2.302678395110323,
      2.3026878580717782,
      2.3026927471770655,
      2.302677204846726,
      2.3026828555499805,
      2.302669330631071,
      2.302667083642672,
      2.3026683723835077
    ],
    "train_acc": [
      9.972000122070312,
      9.842000007629395,
      9.863999366760254,
      9.845999717712402,
      9.7839994430542,
      9.765999794006348,
      9.765999794006348,
      9.755999565124512,
      9.965999603271484,
      9.92199993133545,
      9.833999633789062,
      9.973999977111816,
      9.693999290466309
    ],
    "test_loss": [
      2.302600603895827,
      2.302604120760299,
      2.3025944004424463,
      2.3025973254499346,
      2.3025928175868318,
      2.3026003388170238,
      2.3025941102268597,
      2.3025910427776006,
      2.3025922950464315,
      2.3025889724207382,
      2.3025999556715115,
      2.302596051852924,
      2.302595925407288
    ],
    "test_acc": [
      10.0,
      10.0,
      10.0,
      10.0,
      10.0,
      10.0,
      10.0,
      10.0,
      10.0,
      10.0,
      10.0,
      10.0,
      10.0
    ]
  }
}