{
  "config": {
    "run_name": "exp1_2",
    "out_dir": "./results",
    "seed": 42,
    "device": null,
    "bs_train": 64,
    "bs_test": 32,
    "batches": null,
    "epochs": 25,
    "early_stopping": 12,
    "checkpoints": null,
    "lr": 0.01,
    "reg": 0.01,
    "filters_per_layer": [
      256
    ],
    "layers_per_block": 8,
    "pool_every": 6,
    "hidden_dims": [
      1024,
      1024
    ],
    "model_type": "cnn",
    "kw": {}
  },
  "results": {
    "num_epochs": 0,
    "train_loss": [
      2.3027605800067676,
      2.302693316088918,
      2.3027117252349854,
      2.3026986332500683,
      2.302687034887426,
      2.302671376091745,
      2.302683224763407,
      2.302687233061437,
      2.3026942447628205,
      2.302679340247913,
      2.3026842516096657,
      2.302673955707599,
      2.302682035109576
    ],
    "train_acc": [
      9.969999313354492,
      9.83799934387207,
      9.805999755859375,
      9.661999702453613,
      9.708000183105469,
      9.777999877929688,
      9.871999740600586,
      9.72599983215332,
      9.779999732971191,
      9.7839994430542,
      9.769999504089355,
      9.789999961853027,
      9.785999298095703
    ],
    "test_loss": [
      2.302600752431364,
      2.302611362438994,
      2.30258906154206,
      2.3025883798020335,
      2.302589756993059,
      2.302605784358308,
      2.3025960891772383,
      2.3025972287114054,
      2.3025873088227296,
      2.302587416225348,
      2.302591166176354,
      2.3025957791569134,
      2.3025933614554117
    ],
    "test_acc": [
      10.0,
      10.0,
      10.0,
      10.0,
      10.0,
      10.0,
      10.0,
      10.0,
      10.0,
      10.0,
      10.0,
      10.0,
      10.0
    ]
  }
}