{
  "config": {
    "run_name": "exp1_2",
    "out_dir": "./results",
    "seed": 42,
    "device": null,
    "bs_train": 64,
    "bs_test": 32,
    "batches": null,
    "epochs": 25,
    "early_stopping": 12,
    "checkpoints": null,
    "lr": 0.01,
    "reg": 0.01,
    "filters_per_layer": [
      32
    ],
    "layers_per_block": 4,
    "pool_every": 6,
    "hidden_dims": [
      1024,
      1024
    ],
    "model_type": "cnn",
    "kw": {}
  },
  "results": {
    "num_epochs": 0,
    "train_loss": [
      2.302315037878578,
      2.2434351262838943,
      1.8914079682906266,
      1.6914793669110368,
      1.5898667714175057,
      1.5184230812065436,
      1.4652878326528214,
      1.432195293324073,
      1.4001169247395546,
      1.3735982098847703,
      1.3492684675299602,
      1.3302043255637674,
      1.3052270125092753,
      1.2858420553262278,
      1.2651352556160345,
      1.245116806396133,
      1.2294032409825288,
      1.2025041244828794,
      1.1837770200293998,
      1.160265503713237,
      1.133053338588656,
      1.1097842201095103,
      1.076175575213664,
      1.050480637175348,
      1.0214998802108228
    ],
    "train_acc": [
      10.281999588012695,
      16.81999969482422,
      30.8439998626709,
      39.604000091552734,
      43.5359992980957,
      45.875999450683594,
      47.571998596191406,
      48.875999450683594,
      49.9219970703125,
      50.965999603271484,
      51.74599838256836,
      52.545997619628906,
      53.37799835205078,
      54.1359977722168,
      54.99199676513672,
      55.83599853515625,
      56.29800033569336,
      57.32600021362305,
      57.817996978759766,
      58.593997955322266,
      59.615997314453125,
      60.78199768066406,
      61.93199920654297,
      62.70199966430664,
      63.74799728393555
    ],
    "test_loss": [
      2.30134767236801,
      2.0232275880563755,
      1.7893845094278598,
      1.9113567884737692,
      1.5582286382254702,
      1.5366794514579896,
      1.5141634682116036,
      1.5048023397549273,
      1.510522974565768,
      1.7007379444262472,
      1.3848389967942771,
      1.4298934730858848,
      1.3745215504695052,
      1.4009485501831713,
      1.6282078305753276,
      1.4250794388234806,
      1.3766609696915355,
      1.494514295277885,
      1.510675589687908,
      1.3980341595582688,
      1.4031171436888723,
      1.3586569392262176,
      1.447904612880926,
      1.2922456144524839,
      1.462711217113958
    ],
    "test_acc": [
      16.809999465942383,
      26.309999465942383,
      35.07999801635742,
      36.06999969482422,
      44.709999084472656,
      43.88999938964844,
      46.52000045776367,
      46.88999938964844,
      45.959999084472656,
      41.90999984741211,
      50.53999710083008,
      48.40999984741211,
      50.98999786376953,
      50.37999725341797,
      42.98999786376953,
      49.689998626708984,
      51.63999938964844,
      47.04999923706055,
      48.44999694824219,
      50.7599983215332,
      50.18000030517578,
      51.91999816894531,
      50.209999084472656,
      54.6099967956543,
      50.46999740600586
    ]
  }
}