{
  "config": {
    "run_name": "exp1_1",
    "out_dir": "./results",
    "seed": 42,
    "device": null,
    "bs_train": 64,
    "bs_test": 32,
    "batches": null,
    "epochs": 25,
    "early_stopping": null,
    "checkpoints": null,
    "lr": 0.01,
    "reg": 0.01,
    "filters_per_layer": [
      32
    ],
    "layers_per_block": 8,
    "pool_every": 6,
    "hidden_dims": [
      1024,
      1024
    ],
    "model_type": "cnn",
    "kw": {}
  },
  "results": {
    "num_epochs": 0,
    "train_loss": [
      2.3027334307770593,
      2.302698368916426,
      2.3026891849230013,
      2.302701789399852,
      2.3026863065217156,
      2.3026717632932736,
      2.3026919066143767,
      2.3026826759738386,
      2.302683513182813,
      2.3026768027059257,
      2.3026858918807087,
      2.3026730730710434,
      2.3026752255456833,
      2.3026918928946376,
      2.30268318665302,
      2.3026810143609793,
      2.3026894361466703,
      2.3026882391756454,
      2.302690924585933,
      2.302667769629632,
      2.302685181503101,
      2.302673080083354,
      2.302669762345531,
      2.3026801637371483,
      2.302682494263515
    ],
    "train_acc": [
      9.760000228881836,
      9.777999877929688,
      9.785999298095703,
      9.526000022888184,
      9.765999794006348,
      9.727999687194824,
      9.723999977111816,
      9.807999610900879,
      9.795999526977539,
      9.651999473571777,
      9.607999801635742,
      9.87399959564209,
      9.805999755859375,
      9.73799991607666,
      9.687999725341797,
      9.805999755859375,
      9.661999702453613,
      9.557999610900879,
      9.757999420166016,
      9.795999526977539,
      9.935999870300293,
      10.076000213623047,
      9.871999740600586,
      9.88599967956543,
      9.677999496459961
    ],
    "test_loss": [
      2.3026043408975814,
      2.302600819462785,
      2.302606850005567,
      2.3025942023950643,
      2.3025940744259867,
      2.3026064173482097,
      2.302588455212383,
      2.302594318176611,
      2.302591664341692,
      2.302590963558648,
      2.302600980185853,
      2.302592248581469,
      2.3026012582139086,
      2.302591778599797,
      2.3025898423057773,
      2.3025884376928065,
      2.302586497590184,
      2.3025892428315866,
      2.3025887911312117,
      2.3025985739101618,
      2.3025914327785992,
      2.302592684285709,
      2.302599979284853,
      2.302588053785574,
      2.302592320183215
    ],
    "test_acc": [
      10.0,
      10.0,
      10.0,
      10.0,
      10.0,
      10.0,
      10.0,
      10.0,
      10.0,
      10.0,
      10.0,
      10.0,
      10.0,
      10.0,
      10.0,
      10.0,
      10.0,
      10.0,
      10.0,
      10.0,
      10.0,
      10.0,
      10.0,
      10.0,
      10.0
    ]
  }
}