{
  "config": {
    "run_name": "exp2_L16_K32-64-28",
    "out_dir": "./results",
    "seed": 42,
    "device": null,
    "bs_train": 50,
    "bs_test": 12,
    "batches": 10,
    "epochs": 25,
    "early_stopping": 5,
    "checkpoints": null,
    "lr": 0.02,
    "reg": 0.001,
    "filters_per_layer": [
      32,
      64,
      28
    ],
    "layers_per_block": 16,
    "pool_every": 12,
    "hidden_dims": [
      50
    ],
    "model_type": "ycn",
    "kw": {}
  },
  "results": {
    "num_epochs": 0,
    "train_loss": [
      2.2454586480855943,
      2.0267338458299635,
      1.8372828530073166,
      1.7382111366987227,
      1.664097581744194,
      1.6046465468406677,
      1.574898939728737,
      1.5468776698112487,
      1.5394588540792464,
      1.519966357588768
    ],
    "train_acc": [
      14.315999984741211,
      24.197999954223633,
      31.035999298095703,
      34.65399932861328,
      38.003997802734375,
      39.99799728393555,
      40.87999725341797,
      42.13399887084961,
      42.60799789428711,
      43.70399856567383
    ],
    "test_loss": [
      2.1297142469911554,
      1.8409197822177439,
      1.9282966220407463,
      1.598296689972889,
      1.5855292865841224,
      1.9994933639498924,
      1.6543077302636575,
      1.9093092559910507,
      1.7203206809447538,
      1.6675209189347513
    ],
    "test_acc": [
      19.34000015258789,
      30.939998626708984,
      28.42999839782715,
      38.89999771118164,
      39.97999954223633,
      29.759998321533203,
      38.2599983215332,
      29.170000076293945,
      39.68000030517578,
      38.70000076293945
    ]
  }
}