{
  "config": {
    "run_name": "exp2_L4_K32-64-28",
    "out_dir": "./results",
    "seed": 42,
    "device": null,
    "bs_train": 50,
    "bs_test": 12,
    "batches": 10,
    "epochs": 25,
    "early_stopping": 5,
    "checkpoints": null,
    "lr": 0.02,
    "reg": 0.001,
    "filters_per_layer": [
      32,
      64,
      28
    ],
    "layers_per_block": 4,
    "pool_every": 6,
    "hidden_dims": [
      50
    ],
    "model_type": "ycn",
    "kw": {}
  },
  "results": {
    "num_epochs": 0,
    "train_loss": [
      1.8362422025203704,
      1.489958651483059,
      1.2980570855140685,
      1.1868477662205696,
      1.1131798647642135,
      1.0678773500323295,
      1.033408497095108,
      1.0095098400712013,
      0.9792916915416717,
      0.9562597790360451,
      0.9379658704996109,
      0.9215051720142364,
      0.9122844589948654,
      0.9019351838827133,
      0.8902918166220188,
      0.883781445980072,
      0.8746218927204609,
      0.868274477481842,
      0.8612336475849152,
      0.8552552726864815,
      0.8490793449878693,
      0.8436690574586392
    ],
    "train_acc": [
      32.15999984741211,
      45.854000091552734,
      53.64799880981445,
      58.034000396728516,
      60.4739990234375,
      62.5620002746582,
      63.64799880981445,
      64.60599517822266,
      65.55999755859375,
      66.58000183105469,
      67.34199523925781,
      67.7459945678711,
      68.20800018310547,
      68.70199584960938,
      68.97000122070312,
      69.18599700927734,
      69.53800201416016,
      70.0219955444336,
      70.0719985961914,
      70.3219985961914,
      70.50199890136719,
      70.76599884033203
    ],
    "test_loss": [
      1.5598632220169908,
      1.2974249699132905,
      1.314341460486396,
      1.1263277095427615,
      1.1853391432719265,
      0.9940290746214293,
      1.0390990043072392,
      0.9589838472237404,
      0.9097731555823227,
      0.9836351598659865,
      0.8982499527345172,
      0.9603424873426378,
      0.8893396725578846,
      0.899548170520819,
      0.9620237578269389,
      0.8697420754414097,
      0.8103093674107136,
      0.8406378248934265,
      0.8887802043156944,
      0.8988961323523978,
      0.8834895272192052,
      0.8539806610996203
    ],
    "test_acc": [
      42.43000030517578,
      53.209999084472656,
      53.52000045776367,
      60.029998779296875,
      59.099998474121094,
      64.54999542236328,
      63.69999694824219,
      66.2699966430664,
      68.6199951171875,
      65.1500015258789,
      69.0,
      66.29000091552734,
      68.97999572753906,
      68.1199951171875,
      66.48999786376953,
      69.70999908447266,
      72.22999572753906,
      70.94999694824219,
      68.36000061035156,
      69.33000183105469,
      68.93000030517578,
      70.58999633789062
    ]
  }
}