{
  "config": {
    "run_name": "exp2_L2_K32-64-28",
    "out_dir": "./results",
    "seed": 42,
    "device": null,
    "bs_train": 50,
    "bs_test": 12,
    "batches": 10,
    "epochs": 25,
    "early_stopping": 5,
    "checkpoints": null,
    "lr": 0.02,
    "reg": 0.001,
    "filters_per_layer": [
      32,
      64,
      28
    ],
    "layers_per_block": 2,
    "pool_every": 6,
    "hidden_dims": [
      50
    ],
    "model_type": "ycn",
    "kw": {}
  },
  "results": {
    "num_epochs": 0,
    "train_loss": [
      1.7161193920373916,
      1.383612542629242,
      1.2221854563355445,
      1.1227641299962998,
      1.0644757237434388,
      1.0303644242882728,
      1.0121607261300087,
      0.9882785378098488,
      0.9678568125367165,
      0.9495726492404938,
      0.9309825498461723,
      0.9136380688548088,
      0.9030228245854378,
      0.8888014621734619,
      0.8754194197654724,
      0.8634515366852283,
      0.8554225226640702,
      0.8410213274359704,
      0.8359286118745803,
      0.8266595628261566,
      0.8168502862453461,
      0.8067792727947235,
      0.7960235250890255
    ],
    "train_acc": [
      37.25,
      50.54999923706055,
      56.99799728393555,
      60.40999984741211,
      62.42599868774414,
      63.88199996948242,
      64.34199523925781,
      65.39799499511719,
      66.3219985961914,
      66.81999969482422,
      67.35599517822266,
      68.15399932861328,
      68.67599487304688,
      68.93999481201172,
      69.38199615478516,
      69.9020004272461,
      70.30400085449219,
      70.81999969482422,
      70.79199981689453,
      71.47799682617188,
      71.68199920654297,
      72.14399719238281,
      72.3479995727539
    ],
    "test_loss": [
      1.4041154726946667,
      1.2401297687054824,
      1.0951551765703755,
      1.066322516658895,
      1.1046332073726242,
      1.042284897512955,
      1.089771780321638,
      0.9965486914920006,
      1.0277656604417509,
      0.9955779165208197,
      0.936332859581323,
      1.0076228957667912,
      0.9138089642286015,
      0.9419212371325322,
      1.0267672872157405,
      0.9007774516940117,
      0.9436819272861778,
      0.8542493907131737,
      0.9232542521411853,
      0.8724191017288099,
      0.9125296058986399,
      0.9550232418435369,
      0.862043204728505
    ],
    "test_acc": [
      47.88999938964844,
      54.88999938964844,
      60.88999938964844,
      62.04999923706055,
      61.06999969482422,
      63.25,
      61.119998931884766,
      65.29000091552734,
      64.1199951171875,
      65.52999877929688,
      67.08000183105469,
      65.06999969482422,
      67.72999572753906,
      66.79000091552734,
      64.37999725341797,
      68.40999603271484,
      67.05999755859375,
      70.37999725341797,
      67.83000183105469,
      69.6500015258789,
      67.95999908447266,
      66.36000061035156,
      69.97999572753906
    ]
  }
}