{
  "config": {
    "run_name": "exp2_L8_K32-64-28",
    "out_dir": "./results",
    "seed": 42,
    "device": null,
    "bs_train": 50,
    "bs_test": 12,
    "batches": 10,
    "epochs": 25,
    "early_stopping": 5,
    "checkpoints": null,
    "lr": 0.02,
    "reg": 0.001,
    "filters_per_layer": [
      32,
      64,
      28
    ],
    "layers_per_block": 8,
    "pool_every": 8,
    "hidden_dims": [
      50
    ],
    "model_type": "ycn",
    "kw": {}
  },
  "results": {
    "num_epochs": 0,
    "train_loss": [
      2.0324223570823667,
      1.7092376078367233,
      1.5793420453071594,
      1.5086040498018265,
      1.449146292924881,
      1.3972719351053238,
      1.341504279077053,
      1.3006383619904518,
      1.2692751971483232,
      1.2477132937908173,
      1.226886525630951,
      1.2050400256514548,
      1.1924910620450972,
      1.1715458644628525,
      1.1611554089188576,
      1.1470268658995628,
      1.1348000373244285,
      1.1216916014552116,
      1.1150980476737022,
      1.1008468149900437,
      1.094107996940613,
      1.0830249997973442,
      1.080445630133152,
      1.0710261635780334,
      1.0687251762151717
    ],
    "train_acc": [
      23.123998641967773,
      36.17399978637695,
      41.843997955322266,
      44.64799880981445,
      46.87799835205078,
      49.119998931884766,
      51.64999771118164,
      53.257999420166016,
      54.44199752807617,
      55.365997314453125,
      56.145999908447266,
      57.051998138427734,
      57.58599853515625,
      58.19599914550781,
      58.74199676513672,
      59.32600021362305,
      59.66999816894531,
      60.29399871826172,
      60.34599685668945,
      61.029998779296875,
      61.18000030517578,
      61.843997955322266,
      61.93000030517578,
      62.019996643066406,
      62.31599807739258
    ],
    "test_loss": [
      1.8524599193954925,
      1.597738325095577,
      1.4642428844381008,
      1.4063403880138763,
      1.5396290678057454,
      1.368249788987551,
      1.3635194385937937,
      1.3818593122404543,
      1.3953184329634376,
      1.3408011165168359,
      1.1979086699960328,
      1.1626425484816234,
      1.3310457947585794,
      1.2783481896423894,
      1.6704483180880831,
      1.632531893767899,
      1.0752850224217065,
      1.22926264643955,
      1.2189879715442657,
      1.0588547028511834,
      1.0875316025684778,
      1.2769700925198677,
      1.147702925175214,
      1.1828366898232512,
      1.0712963612817175
    ],
    "test_acc": [
      30.51999855041504,
      40.87999725341797,
      45.44999694824219,
      48.39999771118164,
      45.37999725341797,
      49.71999740600586,
      51.48999786376953,
      49.55999755859375,
      49.369998931884766,
      53.91999816894531,
      58.269996643066406,
      58.59000015258789,
      50.44999694824219,
      53.37999725341797,
      42.03999710083008,
      45.96999740600586,
      62.16999816894531,
      56.43000030517578,
      56.459999084472656,
      62.779998779296875,
      62.369998931884766,
      54.21999740600586,
      59.65999984741211,
      57.47999954223633,
      61.369998931884766
    ]
  }
}